{"options":{"check_for_updates":true,"comment":null,"compatopts_for_requires":true,"compat_wrappedjsobject":false,"compat_metadata":false,"compat_foreach":false,"compat_arrayleft":false,"compat_uW_gmonkey":false,"compat_forvarin":false,"noframes":null,"awareOfChrome":false,"run_at":null,"override":{"use_includes":[],"orig_includes":[],"merge_includes":true,"use_matches":[],"orig_matches":["https://www.pixiv.net/*"],"merge_matches":true,"use_excludes":[],"orig_excludes":["https://www.pixiv.net/novel/*","https://www.pixiv.net/member_illust.php?mode*"],"merge_excludes":true,"use_connects":[],"merge_connects":true,"use_blockers":[],"orig_run_at":"document-idle","orig_noframes":null,"orig_connects":[]}},"settings":{"enabled":true,"position":1},"meta":{"name":"cockpit for pixiv","uuid":"1ec8c5c8-2a49-4778-9f72-2173a3599236","modified":1536509085780,"file_url":"https://8th713.github.io/cockpit-for-pixiv/cockpit-for-pixiv.user.js"}}